{
    "batch_size": 32,
    "lr": 0.00032657904940265104,
    "hidden_dim": 64,
    "dropout": 0.2958344929402892,
    "n_heads": 4
}