{
    "hidden_dim": 128,
    "num_layers": 4,
    "dropout": 0.49726187436364466,
    "lr": 0.00035758267543012953,
    "batch_size": 128,
    "weight_decay": 4.900803704646649e-06
}