{
    "batch_size": 512,
    "lr": 0.00010577735442511435,
    "hidden_dim": 512,
    "dropout": 0.22613629951053854,
    "n_heads": 2
}